,test_subject,avg_diff,ROI,embed_method,dataset
0,1,0.002648123040315126,aud_early,ISOMAP,forrest
1,1,0.023971926421856162,aud_early,ISOMAP,sherlock
2,1,-0.0022336665890783708,aud_early,LLE,forrest
3,1,0.014682015095688755,aud_early,LLE,sherlock
4,1,0.006896501825234909,aud_early,PCA,forrest
5,1,0.0015208937194384918,aud_early,PCA,sherlock
6,1,0.005454290689087359,aud_early,PHATE,forrest
7,1,0.016286529266736474,aud_early,PHATE,sherlock
8,1,0.00564159736306183,aud_early,PHATE_TIME,forrest
9,1,0.0074698998866108745,aud_early,PHATE_TIME,sherlock
10,1,0.010308695427332417,aud_early,SMOOTH_PHATE,forrest
11,1,0.04409553150675113,aud_early,SMOOTH_PHATE,sherlock
12,1,0.01542837157269708,aud_early,TPHATE,forrest
13,1,0.05396659655590796,aud_early,TPHATE,sherlock
14,1,-0.0007702915352472425,aud_early,TSNE,forrest
15,1,-0.010934687578069016,aud_early,TSNE,sherlock
16,1,0.000502870739252967,aud_early,UMAP,forrest
17,1,-0.005322976573209367,aud_early,UMAP,sherlock
18,1,0.004302258194053521,aud_early,voxel,forrest
19,1,0.01652228272003226,aud_early,voxel,sherlock
20,1,0.008100796698470587,early_visual,ISOMAP,forrest
21,1,0.04933237063576253,early_visual,ISOMAP,sherlock
22,1,0.002269765836260683,early_visual,LLE,forrest
23,1,0.03192629203306194,early_visual,LLE,sherlock
24,1,0.008316349872247912,early_visual,PCA,forrest
25,1,0.04038551668238138,early_visual,PCA,sherlock
26,1,0.0062464594350971625,early_visual,PHATE,forrest
27,1,0.0546252139301948,early_visual,PHATE,sherlock
28,1,0.0026461382875938113,early_visual,PHATE_TIME,forrest
29,1,-0.005440212126193472,early_visual,PHATE_TIME,sherlock
30,1,0.009230943749978661,early_visual,SMOOTH_PHATE,forrest
31,1,0.045833835910783695,early_visual,SMOOTH_PHATE,sherlock
32,1,0.013026352011106015,early_visual,TPHATE,forrest
33,1,0.07348914605984967,early_visual,TPHATE,sherlock
34,1,0.0032219886326275296,early_visual,TSNE,forrest
35,1,0.037930391401254565,early_visual,TSNE,sherlock
36,1,0.010813558774476524,early_visual,UMAP,forrest
37,1,0.03587804192048471,early_visual,UMAP,sherlock
38,1,0.00756007817191741,early_visual,voxel,forrest
39,1,0.04499302250719674,early_visual,voxel,sherlock
40,1,0.003695849120442328,high_Visual,ISOMAP,forrest
41,1,0.010852252600828328,high_Visual,ISOMAP,sherlock
42,1,0.0018829316986033562,high_Visual,LLE,forrest
43,1,0.005231895636106163,high_Visual,LLE,sherlock
44,1,0.008563476432208018,high_Visual,PCA,forrest
45,1,0.01092352513064024,high_Visual,PCA,sherlock
46,1,0.012596466861516071,high_Visual,PHATE,forrest
47,1,0.018521879150034472,high_Visual,PHATE,sherlock
48,1,0.002507210259287647,high_Visual,PHATE_TIME,forrest
49,1,0.08288405083137536,high_Visual,PHATE_TIME,sherlock
50,1,0.008082618148235405,high_Visual,SMOOTH_PHATE,forrest
51,1,0.05209154094390794,high_Visual,SMOOTH_PHATE,sherlock
52,1,0.008171835479120534,high_Visual,TPHATE,forrest
53,1,0.00633092760000095,high_Visual,TPHATE,sherlock
54,1,-0.00026313456767764376,high_Visual,TSNE,forrest
55,1,0.009940259923402013,high_Visual,TSNE,sherlock
56,1,4.358850647365447e-05,high_Visual,UMAP,forrest
57,1,0.0010713642286428974,high_Visual,UMAP,sherlock
58,1,0.004424538123170439,high_Visual,voxel,forrest
59,1,0.010098993700672687,high_Visual,voxel,sherlock
60,1,0.0002597927881059479,pmc_nn,ISOMAP,forrest
61,1,0.01251291769049744,pmc_nn,ISOMAP,sherlock
62,1,0.001457006286619141,pmc_nn,LLE,forrest
63,1,0.006427729801514037,pmc_nn,LLE,sherlock
64,1,-0.0002295274368938194,pmc_nn,PCA,forrest
65,1,0.01801941304460621,pmc_nn,PCA,sherlock
66,1,0.0008083298776018743,pmc_nn,PHATE,forrest
67,1,0.020031474488703,pmc_nn,PHATE,sherlock
68,1,0.003326089991864328,pmc_nn,PHATE_TIME,forrest
69,1,0.01968933855935634,pmc_nn,PHATE_TIME,sherlock
70,1,0.0013811165337393734,pmc_nn,SMOOTH_PHATE,forrest
71,1,0.002996921234891001,pmc_nn,SMOOTH_PHATE,sherlock
72,1,0.006663255591752206,pmc_nn,TPHATE,forrest
73,1,0.038660095910645766,pmc_nn,TPHATE,sherlock
74,1,0.0011650406695882056,pmc_nn,TSNE,forrest
75,1,0.024287231452042743,pmc_nn,TSNE,sherlock
76,1,0.001419611058537941,pmc_nn,UMAP,forrest
77,1,0.00991218355777381,pmc_nn,UMAP,sherlock
78,1,0.0012241362082058998,pmc_nn,voxel,forrest
79,1,0.019303151178340753,pmc_nn,voxel,sherlock
80,2,0.004100014118349231,aud_early,ISOMAP,forrest
81,2,0.0324277903474285,aud_early,ISOMAP,sherlock
82,2,0.013147474453945448,aud_early,LLE,forrest
83,2,0.0110225889044594,aud_early,LLE,sherlock
84,2,0.008956554705909385,aud_early,PCA,forrest
85,2,0.03308562184474829,aud_early,PCA,sherlock
86,2,0.018417194296088433,aud_early,PHATE,forrest
87,2,0.038230577837459485,aud_early,PHATE,sherlock
88,2,0.008757781516858656,aud_early,PHATE_TIME,forrest
89,2,0.040838135542029655,aud_early,PHATE_TIME,sherlock
90,2,0.023206160964017508,aud_early,SMOOTH_PHATE,forrest
91,2,0.04451093358454575,aud_early,SMOOTH_PHATE,sherlock
92,2,0.03649659003541254,aud_early,TPHATE,forrest
93,2,0.05813070342309767,aud_early,TPHATE,sherlock
94,2,0.02515662641979988,aud_early,TSNE,forrest
95,2,0.00869789584358523,aud_early,TSNE,sherlock
96,2,0.002358319393752781,aud_early,UMAP,forrest
97,2,0.02263287991307185,aud_early,UMAP,sherlock
98,2,0.0072078021145631724,aud_early,voxel,forrest
99,2,0.013799432780943558,aud_early,voxel,sherlock
100,2,0.011569050197560101,early_visual,ISOMAP,forrest
101,2,0.05543282304359161,early_visual,ISOMAP,sherlock
102,2,0.0005394269765384996,early_visual,LLE,forrest
103,2,0.013264855660738421,early_visual,LLE,sherlock
104,2,0.015539546692876362,early_visual,PCA,forrest
105,2,0.04672764049764262,early_visual,PCA,sherlock
106,2,0.009524078860102371,early_visual,PHATE,forrest
107,2,0.04155689571542717,early_visual,PHATE,sherlock
108,2,0.0021233087555890037,early_visual,PHATE_TIME,forrest
109,2,-0.008213161205339707,early_visual,PHATE_TIME,sherlock
110,2,0.0307672917252716,early_visual,SMOOTH_PHATE,forrest
111,2,-0.03324131030984623,early_visual,SMOOTH_PHATE,sherlock
112,2,0.016038398427138986,early_visual,TPHATE,forrest
113,2,0.07123340420937703,early_visual,TPHATE,sherlock
114,2,0.006005549033628548,early_visual,TSNE,forrest
115,2,0.037729140946926656,early_visual,TSNE,sherlock
116,2,0.013124782220854652,early_visual,UMAP,forrest
117,2,0.028552353813389424,early_visual,UMAP,sherlock
118,2,0.012019294050190562,early_visual,voxel,forrest
119,2,0.045515718840244634,early_visual,voxel,sherlock
120,2,0.0050526670439398295,high_Visual,ISOMAP,forrest
121,2,0.012286755779693346,high_Visual,ISOMAP,sherlock
122,2,0.01067464027734112,high_Visual,LLE,forrest
123,2,0.011962811256609529,high_Visual,LLE,sherlock
124,2,0.009790542058311702,high_Visual,PCA,forrest
125,2,0.00784570665336057,high_Visual,PCA,sherlock
126,2,0.012917444255086839,high_Visual,PHATE,forrest
127,2,0.013552247491300426,high_Visual,PHATE,sherlock
128,2,0.015076919535940127,high_Visual,PHATE_TIME,forrest
129,2,0.028912943312184962,high_Visual,PHATE_TIME,sherlock
130,2,0.03918510402707124,high_Visual,SMOOTH_PHATE,forrest
131,2,0.005637344824439961,high_Visual,SMOOTH_PHATE,sherlock
132,2,0.04652768974279942,high_Visual,TPHATE,forrest
133,2,0.02657202147631284,high_Visual,TPHATE,sherlock
134,2,0.002939049546138358,high_Visual,TSNE,forrest
135,2,0.0026324524020594525,high_Visual,TSNE,sherlock
136,2,0.009809300704568587,high_Visual,UMAP,forrest
137,2,0.0016703453000702024,high_Visual,UMAP,sherlock
138,2,0.006394598382604828,high_Visual,voxel,forrest
139,2,0.010128215443270076,high_Visual,voxel,sherlock
140,2,6.786337900191813e-05,pmc_nn,ISOMAP,forrest
141,2,0.015096010607745144,pmc_nn,ISOMAP,sherlock
142,2,5.6334134356883325e-05,pmc_nn,LLE,forrest
143,2,0.0065855846833062885,pmc_nn,LLE,sherlock
144,2,0.0018300992718588106,pmc_nn,PCA,forrest
145,2,0.014480864960337958,pmc_nn,PCA,sherlock
146,2,-0.001349290578994456,pmc_nn,PHATE,forrest
147,2,0.014702230789374304,pmc_nn,PHATE,sherlock
148,2,0.010267813672888091,pmc_nn,PHATE_TIME,forrest
149,2,0.04292385594921721,pmc_nn,PHATE_TIME,sherlock
150,2,-0.0003538133094958375,pmc_nn,SMOOTH_PHATE,forrest
151,2,0.013562654102325735,pmc_nn,SMOOTH_PHATE,sherlock
152,2,0.00622262118887354,pmc_nn,TPHATE,forrest
153,2,0.022152943028214623,pmc_nn,TPHATE,sherlock
154,2,-0.00027492401327942206,pmc_nn,TSNE,forrest
155,2,0.007754838186697481,pmc_nn,TSNE,sherlock
156,2,-0.0009101629237610152,pmc_nn,UMAP,forrest
157,2,0.01844628314351067,pmc_nn,UMAP,sherlock
158,2,0.0017479370263392387,pmc_nn,voxel,forrest
159,2,0.01591368621313712,pmc_nn,voxel,sherlock
160,3,0.008613765829331788,aud_early,ISOMAP,forrest
161,3,0.026581363405753122,aud_early,ISOMAP,sherlock
162,3,0.0005854703822088289,aud_early,LLE,forrest
163,3,0.020159594112182346,aud_early,LLE,sherlock
164,3,0.00501004077944343,aud_early,PCA,forrest
165,3,0.0200745991087569,aud_early,PCA,sherlock
166,3,-0.013675442400472585,aud_early,PHATE,forrest
167,3,0.03581466272816635,aud_early,PHATE,sherlock
168,3,0.011131747439790769,aud_early,PHATE_TIME,forrest
169,3,0.028228941224610917,aud_early,PHATE_TIME,sherlock
170,3,0.044305592058414334,aud_early,SMOOTH_PHATE,forrest
171,3,0.024048878655175125,aud_early,SMOOTH_PHATE,sherlock
172,3,0.0679455934219549,aud_early,TPHATE,forrest
173,3,0.044077086322824206,aud_early,TPHATE,sherlock
174,3,0.0017306941809103445,aud_early,TSNE,forrest
175,3,0.0021354917840880746,aud_early,TSNE,sherlock
176,3,-0.0013806029046598241,aud_early,UMAP,forrest
177,3,0.008880859552391516,aud_early,UMAP,sherlock
178,3,0.005436682553177016,aud_early,voxel,forrest
179,3,0.014263050073521794,aud_early,voxel,sherlock
180,3,0.005422856979465025,early_visual,ISOMAP,forrest
181,3,0.024562537556917372,early_visual,ISOMAP,sherlock
182,3,-0.000345665706301699,early_visual,LLE,forrest
183,3,0.022417914915373302,early_visual,LLE,sherlock
184,3,0.0061491036282014305,early_visual,PCA,forrest
185,3,0.03584783102816035,early_visual,PCA,sherlock
186,3,0.006317974047060856,early_visual,PHATE,forrest
187,3,0.03406497341317246,early_visual,PHATE,sherlock
188,3,-0.017375756861738964,early_visual,PHATE_TIME,forrest
189,3,0.0031700308330769155,early_visual,PHATE_TIME,sherlock
190,3,0.01532303793762705,early_visual,SMOOTH_PHATE,forrest
191,3,-0.012199479583471676,early_visual,SMOOTH_PHATE,sherlock
192,3,0.027783692486564173,early_visual,TPHATE,forrest
193,3,0.04633850096524477,early_visual,TPHATE,sherlock
194,3,0.003267406726834075,early_visual,TSNE,forrest
195,3,0.015218616701181537,early_visual,TSNE,sherlock
196,3,0.005058671952361099,early_visual,UMAP,forrest
197,3,0.02456375110457593,early_visual,UMAP,sherlock
198,3,0.006485506662932726,early_visual,voxel,forrest
199,3,0.034481570131072246,early_visual,voxel,sherlock
200,3,0.00445514747501549,high_Visual,ISOMAP,forrest
201,3,0.014505330637012323,high_Visual,ISOMAP,sherlock
202,3,0.003583181261901258,high_Visual,LLE,forrest
203,3,0.006701425460865895,high_Visual,LLE,sherlock
204,3,0.01147066066753297,high_Visual,PCA,forrest
205,3,0.013388669502124896,high_Visual,PCA,sherlock
206,3,0.012219241886872205,high_Visual,PHATE,forrest
207,3,0.017235737510011184,high_Visual,PHATE,sherlock
208,3,0.00801227586117886,high_Visual,PHATE_TIME,forrest
209,3,0.015116244240264103,high_Visual,PHATE_TIME,sherlock
210,3,0.07774536810169072,high_Visual,SMOOTH_PHATE,forrest
211,3,0.043977550569307,high_Visual,SMOOTH_PHATE,sherlock
212,3,0.07440455704825906,high_Visual,TPHATE,forrest
213,3,0.0197627520813745,high_Visual,TPHATE,sherlock
214,3,-0.002556970057553207,high_Visual,TSNE,forrest
215,3,0.019474272510879527,high_Visual,TSNE,sherlock
216,3,0.0018484287591384188,high_Visual,UMAP,forrest
217,3,0.014579781101072069,high_Visual,UMAP,sherlock
218,3,0.006059767536511247,high_Visual,voxel,forrest
219,3,0.014505116758239482,high_Visual,voxel,sherlock
220,3,-4.648506045644968e-05,pmc_nn,ISOMAP,forrest
221,3,0.01378477062417754,pmc_nn,ISOMAP,sherlock
222,3,0.0010598860508230065,pmc_nn,LLE,forrest
223,3,0.004410115428572244,pmc_nn,LLE,sherlock
224,3,0.0011305104518817036,pmc_nn,PCA,forrest
225,3,0.015589349306746204,pmc_nn,PCA,sherlock
226,3,0.0010441220243049935,pmc_nn,PHATE,forrest
227,3,0.01256628754816836,pmc_nn,PHATE,sherlock
228,3,0.007417050051070365,pmc_nn,PHATE_TIME,forrest
229,3,-0.017400646730222312,pmc_nn,PHATE_TIME,sherlock
230,3,-0.0001633826377302077,pmc_nn,SMOOTH_PHATE,forrest
231,3,-0.006317719902340254,pmc_nn,SMOOTH_PHATE,sherlock
232,3,0.012471894760033762,pmc_nn,TPHATE,forrest
233,3,0.04827134135647345,pmc_nn,TPHATE,sherlock
234,3,0.0007395224842411052,pmc_nn,TSNE,forrest
235,3,0.004001057271364243,pmc_nn,TSNE,sherlock
236,3,0.002708770617190291,pmc_nn,UMAP,forrest
237,3,0.009967713377565463,pmc_nn,UMAP,sherlock
238,3,0.0008965419915638856,pmc_nn,voxel,forrest
239,3,0.012818748078227242,pmc_nn,voxel,sherlock
240,4,0.006513987829058589,aud_early,ISOMAP,forrest
241,4,0.02744902817579413,aud_early,ISOMAP,sherlock
242,4,0.005323273543219471,aud_early,LLE,forrest
243,4,0.014170898733339822,aud_early,LLE,sherlock
244,4,0.008158599904945026,aud_early,PCA,forrest
245,4,0.038823384898498896,aud_early,PCA,sherlock
246,4,-0.010058726218298576,aud_early,PHATE,forrest
247,4,0.04293870671717213,aud_early,PHATE,sherlock
248,4,0.00849608645432236,aud_early,PHATE_TIME,forrest
249,4,0.0009108127473770877,aud_early,PHATE_TIME,sherlock
250,4,0.01281514066143073,aud_early,SMOOTH_PHATE,forrest
251,4,-0.0059210356701203,aud_early,SMOOTH_PHATE,sherlock
252,4,0.018194681851005676,aud_early,TPHATE,forrest
253,4,0.028573279913682935,aud_early,TPHATE,sherlock
254,4,0.01905289726517302,aud_early,TSNE,forrest
255,4,0.013818872066688807,aud_early,TSNE,sherlock
256,4,0.0034800355922127582,aud_early,UMAP,forrest
257,4,0.023453997006625423,aud_early,UMAP,sherlock
258,4,0.007184068256269425,aud_early,voxel,forrest
259,4,0.008987322568213486,aud_early,voxel,sherlock
260,4,0.005820979706291852,early_visual,ISOMAP,forrest
261,4,0.04269943668642241,early_visual,ISOMAP,sherlock
262,4,-0.0025690675303236027,early_visual,LLE,forrest
263,4,0.030929318635041145,early_visual,LLE,sherlock
264,4,0.006075809622797895,early_visual,PCA,forrest
265,4,0.03800364918643232,early_visual,PCA,sherlock
266,4,0.0055034446243989645,early_visual,PHATE,forrest
267,4,0.041515871277930924,early_visual,PHATE,sherlock
268,4,0.004160555258258916,early_visual,PHATE_TIME,forrest
269,4,-0.03150711467341425,early_visual,PHATE_TIME,sherlock
270,4,0.027159184662135072,early_visual,SMOOTH_PHATE,forrest
271,4,0.034761539890543106,early_visual,SMOOTH_PHATE,sherlock
272,4,0.014076278088791612,early_visual,TPHATE,forrest
273,4,0.042954742140826174,early_visual,TPHATE,sherlock
274,4,0.0017870252121179454,early_visual,TSNE,forrest
275,4,0.03325162980876601,early_visual,TSNE,sherlock
276,4,0.014316130621332416,early_visual,UMAP,forrest
277,4,0.04650974390670856,early_visual,UMAP,sherlock
278,4,0.007584418318616715,early_visual,voxel,forrest
279,4,0.04681543227105624,early_visual,voxel,sherlock
280,4,0.005567891957708441,high_Visual,ISOMAP,forrest
281,4,0.0011185744687487419,high_Visual,ISOMAP,sherlock
282,4,0.015522079146162096,high_Visual,LLE,forrest
283,4,0.013339579000832526,high_Visual,LLE,sherlock
284,4,0.008142172745657737,high_Visual,PCA,forrest
285,4,0.008750475108215134,high_Visual,PCA,sherlock
286,4,0.008963824734592181,high_Visual,PHATE,forrest
287,4,0.015454419652204112,high_Visual,PHATE,sherlock
288,4,0.010080198574401336,high_Visual,PHATE_TIME,forrest
289,4,0.031948023473598326,high_Visual,PHATE_TIME,sherlock
290,4,0.04499632554967387,high_Visual,SMOOTH_PHATE,forrest
291,4,-0.0013384801533264953,high_Visual,SMOOTH_PHATE,sherlock
292,4,0.06415378754748584,high_Visual,TPHATE,forrest
293,4,0.006576711536152413,high_Visual,TPHATE,sherlock
294,4,0.0059344347374187855,high_Visual,TSNE,forrest
295,4,0.009466355206154556,high_Visual,TSNE,sherlock
296,4,0.010810074515148427,high_Visual,UMAP,forrest
297,4,0.010264373024141508,high_Visual,UMAP,sherlock
298,4,0.005844498201847176,high_Visual,voxel,forrest
299,4,0.008085303229204267,high_Visual,voxel,sherlock
300,4,-0.00025859580841937867,pmc_nn,ISOMAP,forrest
301,4,0.007655528781335514,pmc_nn,ISOMAP,sherlock
302,4,9.278946398838288e-05,pmc_nn,LLE,forrest
303,4,0.005191210822073283,pmc_nn,LLE,sherlock
304,4,-0.0005490879427277342,pmc_nn,PCA,forrest
305,4,0.0051709235774277384,pmc_nn,PCA,sherlock
306,4,-9.680979965166327e-05,pmc_nn,PHATE,forrest
307,4,0.004406593043366548,pmc_nn,PHATE,sherlock
308,4,0.0076613044693481114,pmc_nn,PHATE_TIME,forrest
309,4,-0.011839851327358337,pmc_nn,PHATE_TIME,sherlock
310,4,0.0008512826108321482,pmc_nn,SMOOTH_PHATE,forrest
311,4,-0.014660906719520916,pmc_nn,SMOOTH_PHATE,sherlock
312,4,0.023610067490815637,pmc_nn,TPHATE,forrest
313,4,0.03242098508134171,pmc_nn,TPHATE,sherlock
314,4,0.0017821240831085044,pmc_nn,TSNE,forrest
315,4,0.0006651749250670597,pmc_nn,TSNE,sherlock
316,4,0.0007474424686320571,pmc_nn,UMAP,forrest
317,4,0.013246273963128297,pmc_nn,UMAP,sherlock
318,4,0.0014878256597082528,pmc_nn,voxel,forrest
319,4,0.007799428180977464,pmc_nn,voxel,sherlock
320,5,0.040504017796775066,aud_early,ISOMAP,sherlock
321,5,0.02292723480606822,aud_early,LLE,sherlock
322,5,0.03319908262188123,aud_early,PCA,sherlock
323,5,0.029835003057688436,aud_early,PHATE,sherlock
324,5,0.003834555947296073,aud_early,PHATE_TIME,sherlock
325,5,0.018774219544433004,aud_early,SMOOTH_PHATE,sherlock
326,5,-0.013255554618253824,aud_early,TPHATE,sherlock
327,5,0.0022362002998836186,aud_early,TSNE,sherlock
328,5,0.011468763827520094,aud_early,UMAP,sherlock
329,5,0.01587761238149211,aud_early,voxel,sherlock
330,5,0.028507834501934965,early_visual,ISOMAP,sherlock
331,5,0.026332109835636275,early_visual,LLE,sherlock
332,5,0.03529345210819944,early_visual,PCA,sherlock
333,5,0.023352169298053053,early_visual,PHATE,sherlock
334,5,0.009667948977330905,early_visual,PHATE_TIME,sherlock
335,5,0.002486377454832724,early_visual,SMOOTH_PHATE,sherlock
336,5,0.06716700218917554,early_visual,TPHATE,sherlock
337,5,0.027251441408644984,early_visual,TSNE,sherlock
338,5,0.01574347247213208,early_visual,UMAP,sherlock
339,5,0.033523184146026494,early_visual,voxel,sherlock
340,5,0.006577257428718082,high_Visual,ISOMAP,sherlock
341,5,-0.0014728491795831006,high_Visual,LLE,sherlock
342,5,0.01087492566123946,high_Visual,PCA,sherlock
343,5,0.00855035785797016,high_Visual,PHATE,sherlock
344,5,0.033607618231539904,high_Visual,PHATE_TIME,sherlock
345,5,-0.026752904579354586,high_Visual,SMOOTH_PHATE,sherlock
346,5,-0.002892035287525124,high_Visual,TPHATE,sherlock
347,5,0.012890399592049255,high_Visual,TSNE,sherlock
348,5,-0.027498100289495994,high_Visual,UMAP,sherlock
349,5,0.013207354808581293,high_Visual,voxel,sherlock
350,5,0.011311962174681923,pmc_nn,ISOMAP,sherlock
351,5,0.0028119517860079454,pmc_nn,LLE,sherlock
352,5,0.015741575645704525,pmc_nn,PCA,sherlock
353,5,0.012016028676870568,pmc_nn,PHATE,sherlock
354,5,-0.027248312100135497,pmc_nn,PHATE_TIME,sherlock
355,5,0.006747850173054025,pmc_nn,SMOOTH_PHATE,sherlock
356,5,0.04384616449211353,pmc_nn,TPHATE,sherlock
357,5,0.007986222713775719,pmc_nn,TSNE,sherlock
358,5,0.010123392794016573,pmc_nn,UMAP,sherlock
359,5,0.01284727821700116,pmc_nn,voxel,sherlock
360,6,0.006482727297035236,aud_early,ISOMAP,forrest
361,6,0.025421910598111382,aud_early,ISOMAP,sherlock
362,6,0.000521908466053788,aud_early,LLE,forrest
363,6,0.009671029244330385,aud_early,LLE,sherlock
364,6,0.010682529526213095,aud_early,PCA,forrest
365,6,0.027261103820363255,aud_early,PCA,sherlock
366,6,0.0021960582807473523,aud_early,PHATE,forrest
367,6,0.03902696993906652,aud_early,PHATE,sherlock
368,6,0.03001825866396624,aud_early,PHATE_TIME,forrest
369,6,0.024152100461247546,aud_early,PHATE_TIME,sherlock
370,6,0.02220031611015962,aud_early,SMOOTH_PHATE,forrest
371,6,0.01822757865662048,aud_early,SMOOTH_PHATE,sherlock
372,6,0.017876549650306228,aud_early,TPHATE,forrest
373,6,0.04553451650926156,aud_early,TPHATE,sherlock
374,6,0.002531285074802136,aud_early,TSNE,forrest
375,6,0.001060439494844848,aud_early,TSNE,sherlock
376,6,0.0025673517561836576,aud_early,UMAP,forrest
377,6,0.013036784795609008,aud_early,UMAP,sherlock
378,6,0.008178845157874932,aud_early,voxel,forrest
379,6,0.017877942243025306,aud_early,voxel,sherlock
380,6,0.001653178295830318,early_visual,ISOMAP,forrest
381,6,0.058859851752738244,early_visual,ISOMAP,sherlock
382,6,-0.000343180922642062,early_visual,LLE,forrest
383,6,0.013632195836829415,early_visual,LLE,sherlock
384,6,0.007060620000864736,early_visual,PCA,forrest
385,6,0.04788720544876045,early_visual,PCA,sherlock
386,6,0.0025374462166507655,early_visual,PHATE,forrest
387,6,0.04513752455825837,early_visual,PHATE,sherlock
388,6,-0.003981824323306174,early_visual,PHATE_TIME,forrest
389,6,0.013841183842225003,early_visual,PHATE_TIME,sherlock
390,6,0.009377547999505438,early_visual,SMOOTH_PHATE,forrest
391,6,0.05420095097057853,early_visual,SMOOTH_PHATE,sherlock
392,6,0.009769304239219503,early_visual,TPHATE,forrest
393,6,0.09056845936502762,early_visual,TPHATE,sherlock
394,6,0.004639080629874207,early_visual,TSNE,forrest
395,6,0.03836390887969106,early_visual,TSNE,sherlock
396,6,0.009855331606026694,early_visual,UMAP,forrest
397,6,0.06055562323525374,early_visual,UMAP,sherlock
398,6,0.007746956766313692,early_visual,voxel,forrest
399,6,0.0527128837267199,early_visual,voxel,sherlock
400,6,0.004382009004441861,high_Visual,ISOMAP,forrest
401,6,0.014479257831131638,high_Visual,ISOMAP,sherlock
402,6,0.0010571152121924032,high_Visual,LLE,forrest
403,6,0.010866382320391539,high_Visual,LLE,sherlock
404,6,0.008451345628965462,high_Visual,PCA,forrest
405,6,0.007366026586507838,high_Visual,PCA,sherlock
406,6,0.009992107216681976,high_Visual,PHATE,forrest
407,6,0.010421562201827375,high_Visual,PHATE,sherlock
408,6,-0.006477249627574731,high_Visual,PHATE_TIME,forrest
409,6,0.016642263827932817,high_Visual,PHATE_TIME,sherlock
410,6,0.003776229079811982,high_Visual,SMOOTH_PHATE,forrest
411,6,0.008945038852590504,high_Visual,SMOOTH_PHATE,sherlock
412,6,0.006652985774609549,high_Visual,TPHATE,forrest
413,6,0.02887545775776919,high_Visual,TPHATE,sherlock
414,6,0.0013847928470655168,high_Visual,TSNE,forrest
415,6,0.007501336159213718,high_Visual,TSNE,sherlock
416,6,0.0013420537485806874,high_Visual,UMAP,forrest
417,6,0.014627457034253683,high_Visual,UMAP,sherlock
418,6,0.004272655788163571,high_Visual,voxel,forrest
419,6,0.010360347206682987,high_Visual,voxel,sherlock
420,6,0.00022942005061846874,pmc_nn,ISOMAP,forrest
421,6,0.014356382397390887,pmc_nn,ISOMAP,sherlock
422,6,0.000395769819402391,pmc_nn,LLE,forrest
423,6,0.012205108875376494,pmc_nn,LLE,sherlock
424,6,0.0006900600447575102,pmc_nn,PCA,forrest
425,6,0.02107225945068524,pmc_nn,PCA,sherlock
426,6,0.0021804645510221,pmc_nn,PHATE,forrest
427,6,0.020334017478036728,pmc_nn,PHATE,sherlock
428,6,0.012495675721258478,pmc_nn,PHATE_TIME,forrest
429,6,0.0002848834679394285,pmc_nn,PHATE_TIME,sherlock
430,6,0.00034549493435752615,pmc_nn,SMOOTH_PHATE,forrest
431,6,0.005721348236402768,pmc_nn,SMOOTH_PHATE,sherlock
432,6,0.0029510284552822785,pmc_nn,TPHATE,forrest
433,6,0.07288240824789434,pmc_nn,TPHATE,sherlock
434,6,-0.0005828383292294508,pmc_nn,TSNE,forrest
435,6,0.02051166085819158,pmc_nn,TSNE,sherlock
436,6,0.002264029357261761,pmc_nn,UMAP,forrest
437,6,0.008259085305263389,pmc_nn,UMAP,sherlock
438,6,0.0014700234884705322,pmc_nn,voxel,forrest
439,6,0.018063569260522765,pmc_nn,voxel,sherlock
440,7,0.04093129583558541,aud_early,ISOMAP,sherlock
441,7,-0.00438179230479386,aud_early,LLE,sherlock
442,7,0.02265063211209998,aud_early,PCA,sherlock
443,7,0.03545717116706956,aud_early,PHATE,sherlock
444,7,-0.008875169902755282,aud_early,PHATE_TIME,sherlock
445,7,0.014181412337389374,aud_early,SMOOTH_PHATE,sherlock
446,7,0.014159242398280298,aud_early,TPHATE,sherlock
447,7,0.005730865339447486,aud_early,TSNE,sherlock
448,7,0.0054779346332086715,aud_early,UMAP,sherlock
449,7,0.017336300209647257,aud_early,voxel,sherlock
450,7,0.06328987525953148,early_visual,ISOMAP,sherlock
451,7,0.051810369257541566,early_visual,LLE,sherlock
452,7,0.045960081638031655,early_visual,PCA,sherlock
453,7,0.06226798857225626,early_visual,PHATE,sherlock
454,7,-0.02825418783613384,early_visual,PHATE_TIME,sherlock
455,7,0.03950880985491959,early_visual,SMOOTH_PHATE,sherlock
456,7,0.05344121108112059,early_visual,TPHATE,sherlock
457,7,0.04227475156018248,early_visual,TSNE,sherlock
458,7,0.0478381517088288,early_visual,UMAP,sherlock
459,7,0.0480469801241933,early_visual,voxel,sherlock
460,7,0.02284970186682397,high_Visual,ISOMAP,sherlock
461,7,-0.006831704871532777,high_Visual,LLE,sherlock
462,7,0.011895066321881026,high_Visual,PCA,sherlock
463,7,0.02168447098442149,high_Visual,PHATE,sherlock
464,7,-0.009379516916370123,high_Visual,PHATE_TIME,sherlock
465,7,0.007373008246309389,high_Visual,SMOOTH_PHATE,sherlock
466,7,0.007952816632001586,high_Visual,TPHATE,sherlock
467,7,0.0010934235364540468,high_Visual,TSNE,sherlock
468,7,0.015923845721638744,high_Visual,UMAP,sherlock
469,7,0.006806555614460319,high_Visual,voxel,sherlock
470,7,0.010597525921952816,pmc_nn,ISOMAP,sherlock
471,7,0.00845390454553164,pmc_nn,LLE,sherlock
472,7,0.020164479529542773,pmc_nn,PCA,sherlock
473,7,0.009794217304644214,pmc_nn,PHATE,sherlock
474,7,0.007978501287209575,pmc_nn,PHATE_TIME,sherlock
475,7,0.013865612145710736,pmc_nn,SMOOTH_PHATE,sherlock
476,7,0.018327873052230093,pmc_nn,TPHATE,sherlock
477,7,0.011015281728716842,pmc_nn,TSNE,sherlock
478,7,0.015565787677993917,pmc_nn,UMAP,sherlock
479,7,0.006077277775667813,pmc_nn,voxel,sherlock
480,8,0.052353708471884294,aud_early,ISOMAP,sherlock
481,8,0.01712991906571792,aud_early,LLE,sherlock
482,8,0.02560244366271535,aud_early,PCA,sherlock
483,8,0.05201065643356419,aud_early,PHATE,sherlock
484,8,-0.02707363172245317,aud_early,PHATE_TIME,sherlock
485,8,0.026656994633732944,aud_early,SMOOTH_PHATE,sherlock
486,8,0.09059235852307748,aud_early,TPHATE,sherlock
487,8,0.013900917556962763,aud_early,TSNE,sherlock
488,8,0.029688175751536535,aud_early,UMAP,sherlock
489,8,0.01754243413371911,aud_early,voxel,sherlock
490,8,0.051685412713494736,early_visual,ISOMAP,sherlock
491,8,0.024270225803805955,early_visual,LLE,sherlock
492,8,0.039677331869465676,early_visual,PCA,sherlock
493,8,0.028742843938282393,early_visual,PHATE,sherlock
494,8,-0.011605061193224454,early_visual,PHATE_TIME,sherlock
495,8,-0.009690613781799954,early_visual,SMOOTH_PHATE,sherlock
496,8,0.08200516434031097,early_visual,TPHATE,sherlock
497,8,0.028243885247121934,early_visual,TSNE,sherlock
498,8,0.040383499882389075,early_visual,UMAP,sherlock
499,8,0.04720627261646233,early_visual,voxel,sherlock
500,8,0.011052820116141721,high_Visual,ISOMAP,sherlock
501,8,0.0069428903886530665,high_Visual,LLE,sherlock
502,8,0.012304991554550216,high_Visual,PCA,sherlock
503,8,0.011302771450143493,high_Visual,PHATE,sherlock
504,8,0.07601652091084846,high_Visual,PHATE_TIME,sherlock
505,8,-0.0061423971792311845,high_Visual,SMOOTH_PHATE,sherlock
506,8,0.020312085496163677,high_Visual,TPHATE,sherlock
507,8,0.013673904913154311,high_Visual,TSNE,sherlock
508,8,0.013614529030713031,high_Visual,UMAP,sherlock
509,8,0.009305885549865696,high_Visual,voxel,sherlock
510,8,0.024722236551245294,pmc_nn,ISOMAP,sherlock
511,8,0.007266416395103465,pmc_nn,LLE,sherlock
512,8,0.021363563993644714,pmc_nn,PCA,sherlock
513,8,0.022978620228211274,pmc_nn,PHATE,sherlock
514,8,0.026065309023556364,pmc_nn,PHATE_TIME,sherlock
515,8,0.009837846440432075,pmc_nn,SMOOTH_PHATE,sherlock
516,8,0.05341866509323579,pmc_nn,TPHATE,sherlock
517,8,0.015028079542724553,pmc_nn,TSNE,sherlock
518,8,0.0179956505455842,pmc_nn,UMAP,sherlock
519,8,0.01636383053020633,pmc_nn,voxel,sherlock
520,9,0.004507061790397624,aud_early,ISOMAP,forrest
521,9,0.05252286275723899,aud_early,ISOMAP,sherlock
522,9,-0.0007123809798649765,aud_early,LLE,forrest
523,9,0.020428441450131687,aud_early,LLE,sherlock
524,9,0.00996786978915327,aud_early,PCA,forrest
525,9,0.03564594347370127,aud_early,PCA,sherlock
526,9,0.0036994860329243994,aud_early,PHATE,forrest
527,9,0.040392053348893155,aud_early,PHATE,sherlock
528,9,-0.0012743707297535542,aud_early,PHATE_TIME,forrest
529,9,-0.0130911894001808,aud_early,PHATE_TIME,sherlock
530,9,0.017268329338508817,aud_early,SMOOTH_PHATE,forrest
531,9,0.023127238203798132,aud_early,SMOOTH_PHATE,sherlock
532,9,0.007652375115586937,aud_early,TPHATE,forrest
533,9,0.05269671514333952,aud_early,TPHATE,sherlock
534,9,0.0021873053039782432,aud_early,TSNE,forrest
535,9,0.016055170042248802,aud_early,TSNE,sherlock
536,9,0.0033980514105245536,aud_early,UMAP,forrest
537,9,0.021775483133096515,aud_early,UMAP,sherlock
538,9,0.006161163728031836,aud_early,voxel,forrest
539,9,0.017688301810517684,aud_early,voxel,sherlock
540,9,0.004604409221118756,early_visual,ISOMAP,forrest
541,9,0.03538297822958341,early_visual,ISOMAP,sherlock
542,9,0.0014780286176040167,early_visual,LLE,forrest
543,9,0.016424077138422668,early_visual,LLE,sherlock
544,9,0.006027648908644113,early_visual,PCA,forrest
545,9,0.039742340389961966,early_visual,PCA,sherlock
546,9,0.003669042287702983,early_visual,PHATE,forrest
547,9,0.03190615701022619,early_visual,PHATE,sherlock
548,9,0.013596248854334542,early_visual,PHATE_TIME,forrest
549,9,0.004568589566851276,early_visual,PHATE_TIME,sherlock
550,9,0.008045340611272973,early_visual,SMOOTH_PHATE,forrest
551,9,0.05042850837957983,early_visual,SMOOTH_PHATE,sherlock
552,9,0.013856186721213566,early_visual,TPHATE,forrest
553,9,0.07530073758936819,early_visual,TPHATE,sherlock
554,9,0.005014180397252201,early_visual,TSNE,forrest
555,9,0.017082178459516546,early_visual,TSNE,sherlock
556,9,0.01358546360403093,early_visual,UMAP,forrest
557,9,0.03997046924890998,early_visual,UMAP,sherlock
558,9,0.008448689939217673,early_visual,voxel,forrest
559,9,0.0444380557667368,early_visual,voxel,sherlock
560,9,0.003578703008540623,high_Visual,ISOMAP,forrest
561,9,0.008471763820474288,high_Visual,ISOMAP,sherlock
562,9,0.0011123606712276474,high_Visual,LLE,forrest
563,9,0.002579407614325305,high_Visual,LLE,sherlock
564,9,0.009489585110533398,high_Visual,PCA,forrest
565,9,0.005962152572436249,high_Visual,PCA,sherlock
566,9,0.01102835073142799,high_Visual,PHATE,forrest
567,9,0.003972464530614084,high_Visual,PHATE,sherlock
568,9,0.02001252777683474,high_Visual,PHATE_TIME,forrest
569,9,-0.006832260652956375,high_Visual,PHATE_TIME,sherlock
570,9,0.017351485408539494,high_Visual,SMOOTH_PHATE,forrest
571,9,0.02316611541986717,high_Visual,SMOOTH_PHATE,sherlock
572,9,0.011626777233627237,high_Visual,TPHATE,forrest
573,9,0.016948368352288856,high_Visual,TPHATE,sherlock
574,9,0.0013559933242906766,high_Visual,TSNE,forrest
575,9,0.007632054204517899,high_Visual,TSNE,sherlock
576,9,0.003271185523092704,high_Visual,UMAP,forrest
577,9,0.010422535333457607,high_Visual,UMAP,sherlock
578,9,0.005219467793404204,high_Visual,voxel,forrest
579,9,0.004999316244568253,high_Visual,voxel,sherlock
580,9,0.0011441519350162087,pmc_nn,ISOMAP,forrest
581,9,0.023646701174499962,pmc_nn,ISOMAP,sherlock
582,9,0.00049502630225396,pmc_nn,LLE,forrest
583,9,0.00032754603385195283,pmc_nn,LLE,sherlock
584,9,0.0028692145660258956,pmc_nn,PCA,forrest
585,9,0.011916931447796795,pmc_nn,PCA,sherlock
586,9,0.0004846750940110213,pmc_nn,PHATE,forrest
587,9,0.0215442640540049,pmc_nn,PHATE,sherlock
588,9,0.007605316056339422,pmc_nn,PHATE_TIME,forrest
589,9,0.020433595749227793,pmc_nn,PHATE_TIME,sherlock
590,9,7.70644618020061e-05,pmc_nn,SMOOTH_PHATE,forrest
591,9,-0.005814331026681914,pmc_nn,SMOOTH_PHATE,sherlock
592,9,-0.0014783324997124478,pmc_nn,TPHATE,forrest
593,9,0.0410179076099474,pmc_nn,TPHATE,sherlock
594,9,0.0007521337150820026,pmc_nn,TSNE,forrest
595,9,0.013406264833433072,pmc_nn,TSNE,sherlock
596,9,0.0020325275578939265,pmc_nn,UMAP,forrest
597,9,0.004365547203660303,pmc_nn,UMAP,sherlock
598,9,0.002213776864448573,pmc_nn,voxel,forrest
599,9,0.019259874454592762,pmc_nn,voxel,sherlock
600,10,0.005310164778040966,aud_early,ISOMAP,forrest
601,10,0.027744450909145145,aud_early,ISOMAP,sherlock
602,10,-0.0017585959854863663,aud_early,LLE,forrest
603,10,0.01863777766294929,aud_early,LLE,sherlock
604,10,0.0063090656500048685,aud_early,PCA,forrest
605,10,0.01932647599583916,aud_early,PCA,sherlock
606,10,0.002302595738493827,aud_early,PHATE,forrest
607,10,0.052628039368967504,aud_early,PHATE,sherlock
608,10,-0.0011484439249509967,aud_early,PHATE_TIME,forrest
609,10,0.0239883051511655,aud_early,PHATE_TIME,sherlock
610,10,0.06477778487890559,aud_early,SMOOTH_PHATE,forrest
611,10,-0.016544697702221105,aud_early,SMOOTH_PHATE,sherlock
612,10,0.0783337996571622,aud_early,TPHATE,forrest
613,10,0.02601836641505582,aud_early,TPHATE,sherlock
614,10,0.0015151773587187402,aud_early,TSNE,forrest
615,10,0.01186630096370688,aud_early,TSNE,sherlock
616,10,0.0004935037622117032,aud_early,UMAP,forrest
617,10,0.03148363873524779,aud_early,UMAP,sherlock
618,10,0.0065882323606226475,aud_early,voxel,forrest
619,10,0.02379801308123122,aud_early,voxel,sherlock
620,10,0.0047557338900504195,early_visual,ISOMAP,forrest
621,10,0.0432642988538798,early_visual,ISOMAP,sherlock
622,10,0.007404906881390299,early_visual,LLE,forrest
623,10,0.008565360218987008,early_visual,LLE,sherlock
624,10,0.002341679716186905,early_visual,PCA,forrest
625,10,0.0246744247634907,early_visual,PCA,sherlock
626,10,0.002597364013892692,early_visual,PHATE,forrest
627,10,0.031052372682921985,early_visual,PHATE,sherlock
628,10,0.012106491430747098,early_visual,PHATE_TIME,forrest
629,10,-0.020133189556613765,early_visual,PHATE_TIME,sherlock
630,10,0.008714107694500083,early_visual,SMOOTH_PHATE,forrest
631,10,0.044367641683498125,early_visual,SMOOTH_PHATE,sherlock
632,10,0.0156888426012666,early_visual,TPHATE,forrest
633,10,0.04764539091915811,early_visual,TPHATE,sherlock
634,10,0.0022682474797984346,early_visual,TSNE,forrest
635,10,0.02989025725020876,early_visual,TSNE,sherlock
636,10,0.0071399214060395115,early_visual,UMAP,forrest
637,10,0.018106690677384834,early_visual,UMAP,sherlock
638,10,0.0024772206213507716,early_visual,voxel,forrest
639,10,0.0375243445323296,early_visual,voxel,sherlock
640,10,0.0054618298277451915,high_Visual,ISOMAP,forrest
641,10,0.019299259199171564,high_Visual,ISOMAP,sherlock
642,10,0.018169159218440274,high_Visual,LLE,forrest
643,10,0.008637041704281307,high_Visual,LLE,sherlock
644,10,0.01309740529868416,high_Visual,PCA,forrest
645,10,0.008672548096209457,high_Visual,PCA,sherlock
646,10,0.009627110740729406,high_Visual,PHATE,forrest
647,10,0.009312656655531082,high_Visual,PHATE,sherlock
648,10,-0.008188299478529153,high_Visual,PHATE_TIME,forrest
649,10,-0.009152315748248723,high_Visual,PHATE_TIME,sherlock
650,10,0.15481509783089548,high_Visual,SMOOTH_PHATE,forrest
651,10,0.03159775097878524,high_Visual,SMOOTH_PHATE,sherlock
652,10,0.07179865571240851,high_Visual,TPHATE,forrest
653,10,0.019829173224240645,high_Visual,TPHATE,sherlock
654,10,0.0008360702874602932,high_Visual,TSNE,forrest
655,10,0.007961155062716404,high_Visual,TSNE,sherlock
656,10,-0.0007846519623253627,high_Visual,UMAP,forrest
657,10,0.01928546613022225,high_Visual,UMAP,sherlock
658,10,0.005753222468276736,high_Visual,voxel,forrest
659,10,0.017828688612672044,high_Visual,voxel,sherlock
660,10,0.0021707004052979035,pmc_nn,ISOMAP,forrest
661,10,0.01301140755028481,pmc_nn,ISOMAP,sherlock
662,10,3.307254293153891e-05,pmc_nn,LLE,forrest
663,10,0.00912042282941273,pmc_nn,LLE,sherlock
664,10,0.000540673354410488,pmc_nn,PCA,forrest
665,10,0.009558436398911357,pmc_nn,PCA,sherlock
666,10,-7.05142599889362e-05,pmc_nn,PHATE,forrest
667,10,0.002683355001386611,pmc_nn,PHATE,sherlock
668,10,0.00026986109118107493,pmc_nn,PHATE_TIME,forrest
669,10,-0.05796462790263627,pmc_nn,PHATE_TIME,sherlock
670,10,0.0006102184249515087,pmc_nn,SMOOTH_PHATE,forrest
671,10,-0.002435179580141546,pmc_nn,SMOOTH_PHATE,sherlock
672,10,0.0012414480772964093,pmc_nn,TPHATE,forrest
673,10,0.08399768949508771,pmc_nn,TPHATE,sherlock
674,10,0.00018508711992102348,pmc_nn,TSNE,forrest
675,10,0.00543321052356915,pmc_nn,TSNE,sherlock
676,10,0.0005539894549348092,pmc_nn,UMAP,forrest
677,10,0.004401551528858802,pmc_nn,UMAP,sherlock
678,10,0.001918198345091015,pmc_nn,voxel,forrest
679,10,0.00873319494040588,pmc_nn,voxel,sherlock
680,11,0.046939907732233235,aud_early,ISOMAP,sherlock
681,11,0.01985790995254697,aud_early,LLE,sherlock
682,11,0.034910155285791084,aud_early,PCA,sherlock
683,11,0.041959069870983495,aud_early,PHATE,sherlock
684,11,0.01663106246364841,aud_early,PHATE_TIME,sherlock
685,11,0.033798748833039044,aud_early,SMOOTH_PHATE,sherlock
686,11,0.03527852019650189,aud_early,TPHATE,sherlock
687,11,0.010976519921822614,aud_early,TSNE,sherlock
688,11,0.019646958724864206,aud_early,UMAP,sherlock
689,11,0.015876271066184746,aud_early,voxel,sherlock
690,11,0.031339312136944276,early_visual,ISOMAP,sherlock
691,11,0.022337764824425597,early_visual,LLE,sherlock
692,11,0.03039135409216838,early_visual,PCA,sherlock
693,11,0.027962440835038807,early_visual,PHATE,sherlock
694,11,0.02882892479495567,early_visual,PHATE_TIME,sherlock
695,11,0.008144510174247523,early_visual,SMOOTH_PHATE,sherlock
696,11,0.06672065811120594,early_visual,TPHATE,sherlock
697,11,0.022329735123607822,early_visual,TSNE,sherlock
698,11,0.024953533593958185,early_visual,UMAP,sherlock
699,11,0.033567939252077336,early_visual,voxel,sherlock
700,11,0.016077728617985048,high_Visual,ISOMAP,sherlock
701,11,0.008911990146949078,high_Visual,LLE,sherlock
702,11,0.01151183814547926,high_Visual,PCA,sherlock
703,11,0.016519085115911082,high_Visual,PHATE,sherlock
704,11,-0.022861294249585627,high_Visual,PHATE_TIME,sherlock
705,11,-0.013142533840641018,high_Visual,SMOOTH_PHATE,sherlock
706,11,0.0424408039798219,high_Visual,TPHATE,sherlock
707,11,0.017671626322157,high_Visual,TSNE,sherlock
708,11,0.007206427222271615,high_Visual,UMAP,sherlock
709,11,0.011100598806164536,high_Visual,voxel,sherlock
710,11,0.01167144686107864,pmc_nn,ISOMAP,sherlock
711,11,0.0026064672640523727,pmc_nn,LLE,sherlock
712,11,0.016077300135641567,pmc_nn,PCA,sherlock
713,11,0.01065816046346259,pmc_nn,PHATE,sherlock
714,11,-0.052351545301145434,pmc_nn,PHATE_TIME,sherlock
715,11,0.040485037297015074,pmc_nn,SMOOTH_PHATE,sherlock
716,11,0.04242048407417989,pmc_nn,TPHATE,sherlock
717,11,0.006505992644025894,pmc_nn,TSNE,sherlock
718,11,0.013624507733457053,pmc_nn,UMAP,sherlock
719,11,0.011650000783406538,pmc_nn,voxel,sherlock
720,12,0.03732891288753011,aud_early,ISOMAP,sherlock
721,12,0.008982652660593242,aud_early,LLE,sherlock
722,12,0.02752577155129543,aud_early,PCA,sherlock
723,12,0.023976058683411728,aud_early,PHATE,sherlock
724,12,0.02924731739366575,aud_early,PHATE_TIME,sherlock
725,12,0.005315682909638732,aud_early,SMOOTH_PHATE,sherlock
726,12,0.03876163877769365,aud_early,TPHATE,sherlock
727,12,0.007154183631071773,aud_early,TSNE,sherlock
728,12,0.019726901043467856,aud_early,UMAP,sherlock
729,12,0.007162307812712881,aud_early,voxel,sherlock
730,12,0.020805770485812836,early_visual,ISOMAP,sherlock
731,12,0.0215056932088759,early_visual,LLE,sherlock
732,12,0.02379574137265443,early_visual,PCA,sherlock
733,12,0.032815339203643205,early_visual,PHATE,sherlock
734,12,-0.023100240506552926,early_visual,PHATE_TIME,sherlock
735,12,-0.022491635464597294,early_visual,SMOOTH_PHATE,sherlock
736,12,0.04490737349603007,early_visual,TPHATE,sherlock
737,12,0.004117732686862796,early_visual,TSNE,sherlock
738,12,0.03309424338371422,early_visual,UMAP,sherlock
739,12,0.023971049240204077,early_visual,voxel,sherlock
740,12,0.007952988048454136,high_Visual,ISOMAP,sherlock
741,12,0.006561514521021063,high_Visual,LLE,sherlock
742,12,0.01410603550958398,high_Visual,PCA,sherlock
743,12,0.012510893507288701,high_Visual,PHATE,sherlock
744,12,0.05952248566017144,high_Visual,PHATE_TIME,sherlock
745,12,0.012871165424524426,high_Visual,SMOOTH_PHATE,sherlock
746,12,0.0028377113737910725,high_Visual,TPHATE,sherlock
747,12,0.015140726887177991,high_Visual,TSNE,sherlock
748,12,0.0022039389329439763,high_Visual,UMAP,sherlock
749,12,0.00674673535774495,high_Visual,voxel,sherlock
750,12,0.017243168455211885,pmc_nn,ISOMAP,sherlock
751,12,0.00604164782905049,pmc_nn,LLE,sherlock
752,12,0.02007758045081876,pmc_nn,PCA,sherlock
753,12,0.015486859458891908,pmc_nn,PHATE,sherlock
754,12,0.037282448386812515,pmc_nn,PHATE_TIME,sherlock
755,12,0.032644539182106566,pmc_nn,SMOOTH_PHATE,sherlock
756,12,0.03117455033022176,pmc_nn,TPHATE,sherlock
757,12,0.012945260981094794,pmc_nn,TSNE,sherlock
758,12,0.015449756595979776,pmc_nn,UMAP,sherlock
759,12,0.017224113061077562,pmc_nn,voxel,sherlock
760,13,0.03864869525360869,aud_early,ISOMAP,sherlock
761,13,0.015284641134233942,aud_early,LLE,sherlock
762,13,0.022589988715370195,aud_early,PCA,sherlock
763,13,0.053868854877645284,aud_early,PHATE,sherlock
764,13,0.01868613288578597,aud_early,PHATE_TIME,sherlock
765,13,-0.011387162673878843,aud_early,SMOOTH_PHATE,sherlock
766,13,0.05316290234191848,aud_early,TPHATE,sherlock
767,13,0.00427002445954601,aud_early,TSNE,sherlock
768,13,0.041632441308099115,aud_early,UMAP,sherlock
769,13,0.013206706206334172,aud_early,voxel,sherlock
770,13,0.04193421281256662,early_visual,ISOMAP,sherlock
771,13,0.03177046015962845,early_visual,LLE,sherlock
772,13,0.03084450189356062,early_visual,PCA,sherlock
773,13,0.03407480083637949,early_visual,PHATE,sherlock
774,13,0.01566058964192981,early_visual,PHATE_TIME,sherlock
775,13,0.030467119769841112,early_visual,SMOOTH_PHATE,sherlock
776,13,0.068515781888606,early_visual,TPHATE,sherlock
777,13,0.024685172494723472,early_visual,TSNE,sherlock
778,13,0.04143417842397778,early_visual,UMAP,sherlock
779,13,0.04266076776509616,early_visual,voxel,sherlock
780,13,0.006982231963641406,high_Visual,ISOMAP,sherlock
781,13,0.006089862381559992,high_Visual,LLE,sherlock
782,13,0.0100987015987159,high_Visual,PCA,sherlock
783,13,0.005464651519626783,high_Visual,PHATE,sherlock
784,13,0.013970016876657526,high_Visual,PHATE_TIME,sherlock
785,13,0.007922953477574641,high_Visual,SMOOTH_PHATE,sherlock
786,13,0.029708970552767,high_Visual,TPHATE,sherlock
787,13,0.01082668519100778,high_Visual,TSNE,sherlock
788,13,0.0009030642553677665,high_Visual,UMAP,sherlock
789,13,0.007976628563957405,high_Visual,voxel,sherlock
790,13,0.011410521267411345,pmc_nn,ISOMAP,sherlock
791,13,-0.0015952104168367588,pmc_nn,LLE,sherlock
792,13,0.020925284353834818,pmc_nn,PCA,sherlock
793,13,0.013010970726560902,pmc_nn,PHATE,sherlock
794,13,-0.0035319360667279906,pmc_nn,PHATE_TIME,sherlock
795,13,0.004684785915821084,pmc_nn,SMOOTH_PHATE,sherlock
796,13,0.023796562709533883,pmc_nn,TPHATE,sherlock
797,13,0.01152921627183765,pmc_nn,TSNE,sherlock
798,13,0.005413451294946638,pmc_nn,UMAP,sherlock
799,13,0.012450292766875929,pmc_nn,voxel,sherlock
800,14,0.00473572583184936,aud_early,ISOMAP,forrest
801,14,0.018777700695074267,aud_early,ISOMAP,sherlock
802,14,-0.007303086498630728,aud_early,LLE,forrest
803,14,0.008028201290819123,aud_early,LLE,sherlock
804,14,0.006543213697024065,aud_early,PCA,forrest
805,14,0.021064948010857062,aud_early,PCA,sherlock
806,14,0.00022890955055245244,aud_early,PHATE,forrest
807,14,0.02143579010409452,aud_early,PHATE,sherlock
808,14,0.012825652323787505,aud_early,PHATE_TIME,forrest
809,14,0.006346371843275211,aud_early,PHATE_TIME,sherlock
810,14,0.04816535421760918,aud_early,SMOOTH_PHATE,forrest
811,14,0.038758355723429824,aud_early,SMOOTH_PHATE,sherlock
812,14,0.03591565704848777,aud_early,TPHATE,forrest
813,14,0.0466427575393454,aud_early,TPHATE,sherlock
814,14,0.0009482345547762868,aud_early,TSNE,forrest
815,14,0.008126108905651023,aud_early,TSNE,sherlock
816,14,0.000960418176461136,aud_early,UMAP,forrest
817,14,0.004735435391081433,aud_early,UMAP,sherlock
818,14,0.00487817576223469,aud_early,voxel,forrest
819,14,0.008853549069145313,aud_early,voxel,sherlock
820,14,0.0035451844829495266,early_visual,ISOMAP,forrest
821,14,0.033312075491945085,early_visual,ISOMAP,sherlock
822,14,0.0024300604499258426,early_visual,LLE,forrest
823,14,0.013581504662858958,early_visual,LLE,sherlock
824,14,0.004025165978718758,early_visual,PCA,forrest
825,14,0.0279879294019715,early_visual,PCA,sherlock
826,14,0.006136557106077773,early_visual,PHATE,forrest
827,14,0.02487110841291058,early_visual,PHATE,sherlock
828,14,0.023073318998879065,early_visual,PHATE_TIME,forrest
829,14,0.003969216383116701,early_visual,PHATE_TIME,sherlock
830,14,0.007101183915943836,early_visual,SMOOTH_PHATE,forrest
831,14,0.013314744870417802,early_visual,SMOOTH_PHATE,sherlock
832,14,0.015229620676864076,early_visual,TPHATE,forrest
833,14,0.03228786376023981,early_visual,TPHATE,sherlock
834,14,-0.0007543729307056802,early_visual,TSNE,forrest
835,14,0.012081567611654853,early_visual,TSNE,sherlock
836,14,0.013686328628146394,early_visual,UMAP,forrest
837,14,0.010188746701330671,early_visual,UMAP,sherlock
838,14,0.004984766201833676,early_visual,voxel,forrest
839,14,0.030498854279188813,early_visual,voxel,sherlock
840,14,0.0025201251388128295,high_Visual,ISOMAP,forrest
841,14,0.011858637912285004,high_Visual,ISOMAP,sherlock
842,14,0.00495355241494759,high_Visual,LLE,forrest
843,14,-0.0007162303002026676,high_Visual,LLE,sherlock
844,14,0.010588553928416485,high_Visual,PCA,forrest
845,14,0.021366036434152583,high_Visual,PCA,sherlock
846,14,0.0125836875276452,high_Visual,PHATE,forrest
847,14,0.019448814924389667,high_Visual,PHATE,sherlock
848,14,0.02192108773143294,high_Visual,PHATE_TIME,forrest
849,14,-0.01379329205539637,high_Visual,PHATE_TIME,sherlock
850,14,0.04132239323286499,high_Visual,SMOOTH_PHATE,forrest
851,14,0.007641807179577862,high_Visual,SMOOTH_PHATE,sherlock
852,14,0.04253207170025925,high_Visual,TPHATE,forrest
853,14,0.02990042170111916,high_Visual,TPHATE,sherlock
854,14,-0.0006266470255907879,high_Visual,TSNE,forrest
855,14,0.0004784741843587341,high_Visual,TSNE,sherlock
856,14,0.0004238100489515976,high_Visual,UMAP,forrest
857,14,0.017619953815599287,high_Visual,UMAP,sherlock
858,14,0.003833065419941337,high_Visual,voxel,forrest
859,14,0.011449362151601594,high_Visual,voxel,sherlock
860,14,0.0011614303592240795,pmc_nn,ISOMAP,forrest
861,14,0.006703174765987201,pmc_nn,ISOMAP,sherlock
862,14,0.00034831841182850437,pmc_nn,LLE,forrest
863,14,0.004260599606886943,pmc_nn,LLE,sherlock
864,14,-0.0003984195911994997,pmc_nn,PCA,forrest
865,14,0.014487954131442878,pmc_nn,PCA,sherlock
866,14,0.0010264173722027135,pmc_nn,PHATE,forrest
867,14,0.012294698322036762,pmc_nn,PHATE,sherlock
868,14,-0.009063873562118714,pmc_nn,PHATE_TIME,forrest
869,14,0.0234264486301339,pmc_nn,PHATE_TIME,sherlock
870,14,0.001728213473394006,pmc_nn,SMOOTH_PHATE,forrest
871,14,-0.01998634671244993,pmc_nn,SMOOTH_PHATE,sherlock
872,14,-0.003474630122553037,pmc_nn,TPHATE,forrest
873,14,0.02428584944029799,pmc_nn,TPHATE,sherlock
874,14,-0.0005741033486380278,pmc_nn,TSNE,forrest
875,14,0.008989420629630134,pmc_nn,TSNE,sherlock
876,14,-0.0007267192817752967,pmc_nn,UMAP,forrest
877,14,0.000333708888535382,pmc_nn,UMAP,sherlock
878,14,0.0018807739092178931,pmc_nn,voxel,forrest
879,14,0.011844968185196146,pmc_nn,voxel,sherlock
880,15,0.010389737238476015,aud_early,ISOMAP,forrest
881,15,0.02763653737297691,aud_early,ISOMAP,sherlock
882,15,-0.004489876966578576,aud_early,LLE,forrest
883,15,0.032140304395414064,aud_early,LLE,sherlock
884,15,0.009196806559708769,aud_early,PCA,forrest
885,15,0.009454193676072836,aud_early,PCA,sherlock
886,15,0.0024809798197818703,aud_early,PHATE,forrest
887,15,0.010345286302256883,aud_early,PHATE,sherlock
888,15,0.013671880572032984,aud_early,PHATE_TIME,forrest
889,15,0.058762577432775125,aud_early,PHATE_TIME,sherlock
890,15,0.01356291328022667,aud_early,SMOOTH_PHATE,forrest
891,15,0.012587223799131445,aud_early,SMOOTH_PHATE,sherlock
892,15,0.022071844776683804,aud_early,TPHATE,forrest
893,15,-0.000559966672678247,aud_early,TPHATE,sherlock
894,15,0.0038488910320460933,aud_early,TSNE,forrest
895,15,0.025217732475516372,aud_early,TSNE,sherlock
896,15,0.0011081146593114033,aud_early,UMAP,forrest
897,15,0.02363657299035977,aud_early,UMAP,sherlock
898,15,0.006654200015290325,aud_early,voxel,forrest
899,15,0.024261136008837565,aud_early,voxel,sherlock
900,15,0.006264047553680745,early_visual,ISOMAP,forrest
901,15,0.03918699571636483,early_visual,ISOMAP,sherlock
902,15,0.0030009862384856143,early_visual,LLE,forrest
903,15,0.03038668704661621,early_visual,LLE,sherlock
904,15,0.0036007879962558272,early_visual,PCA,forrest
905,15,0.02901956360395052,early_visual,PCA,sherlock
906,15,0.007904553642284564,early_visual,PHATE,forrest
907,15,0.037350856426708136,early_visual,PHATE,sherlock
908,15,-0.009892488140294642,early_visual,PHATE_TIME,forrest
909,15,0.010236052198512705,early_visual,PHATE_TIME,sherlock
910,15,0.016110235993081812,early_visual,SMOOTH_PHATE,forrest
911,15,0.029900649430652713,early_visual,SMOOTH_PHATE,sherlock
912,15,0.016676335895706548,early_visual,TPHATE,forrest
913,15,0.04892298097200485,early_visual,TPHATE,sherlock
914,15,0.0034909105982570874,early_visual,TSNE,forrest
915,15,0.020070968306908625,early_visual,TSNE,sherlock
916,15,0.01077257199249345,early_visual,UMAP,forrest
917,15,0.005393427402889419,early_visual,UMAP,sherlock
918,15,0.006659408277174401,early_visual,voxel,forrest
919,15,0.04049761822164231,early_visual,voxel,sherlock
920,15,0.003852347227300303,high_Visual,ISOMAP,forrest
921,15,0.009856963178194287,high_Visual,ISOMAP,sherlock
922,15,0.024878596769171594,high_Visual,LLE,forrest
923,15,-0.00023756230882647974,high_Visual,LLE,sherlock
924,15,0.01105548611921309,high_Visual,PCA,forrest
925,15,0.013501746135958788,high_Visual,PCA,sherlock
926,15,0.011275552142494956,high_Visual,PHATE,forrest
927,15,0.026809375600216977,high_Visual,PHATE,sherlock
928,15,0.01304954845714301,high_Visual,PHATE_TIME,forrest
929,15,0.03120867945134091,high_Visual,PHATE_TIME,sherlock
930,15,0.054475052069069746,high_Visual,SMOOTH_PHATE,forrest
931,15,-0.027130854976648792,high_Visual,SMOOTH_PHATE,sherlock
932,15,0.03111298529889867,high_Visual,TPHATE,forrest
933,15,0.018139152794345654,high_Visual,TPHATE,sherlock
934,15,0.00022394427600460194,high_Visual,TSNE,forrest
935,15,0.0004263935346768874,high_Visual,TSNE,sherlock
936,15,0.0007640031141155525,high_Visual,UMAP,forrest
937,15,0.023561935093058116,high_Visual,UMAP,sherlock
938,15,0.0062733399818700785,high_Visual,voxel,forrest
939,15,0.013482992922266712,high_Visual,voxel,sherlock
940,15,0.0010893124897119657,pmc_nn,ISOMAP,forrest
941,15,0.016431451661296628,pmc_nn,ISOMAP,sherlock
942,15,0.002569342927170833,pmc_nn,LLE,forrest
943,15,-0.0027745706588116906,pmc_nn,LLE,sherlock
944,15,0.002140557719891988,pmc_nn,PCA,forrest
945,15,0.014199929879846647,pmc_nn,PCA,sherlock
946,15,0.0014622344776187362,pmc_nn,PHATE,forrest
947,15,0.018494898377892997,pmc_nn,PHATE,sherlock
948,15,-0.001984950162856787,pmc_nn,PHATE_TIME,forrest
949,15,0.06422662238670163,pmc_nn,PHATE_TIME,sherlock
950,15,0.004333190511260869,pmc_nn,SMOOTH_PHATE,forrest
951,15,0.03791491636274173,pmc_nn,SMOOTH_PHATE,sherlock
952,15,0.014880750763024583,pmc_nn,TPHATE,forrest
953,15,0.0755356392587901,pmc_nn,TPHATE,sherlock
954,15,0.001517581627127053,pmc_nn,TSNE,forrest
955,15,0.015514696409393302,pmc_nn,TSNE,sherlock
956,15,0.0004480480966790201,pmc_nn,UMAP,forrest
957,15,0.006170683414470348,pmc_nn,UMAP,sherlock
958,15,0.0037482072824356685,pmc_nn,voxel,forrest
959,15,0.01743592268901288,pmc_nn,voxel,sherlock
960,16,0.002695108477375456,aud_early,ISOMAP,forrest
961,16,0.0368746479537204,aud_early,ISOMAP,sherlock
962,16,-0.0013631242064061772,aud_early,LLE,forrest
963,16,0.012843350510188485,aud_early,LLE,sherlock
964,16,0.006801299433429538,aud_early,PCA,forrest
965,16,0.012593483144955885,aud_early,PCA,sherlock
966,16,-0.0035959603787916045,aud_early,PHATE,forrest
967,16,0.040142249897860374,aud_early,PHATE,sherlock
968,16,0.001247240277655302,aud_early,PHATE_TIME,forrest
969,16,-0.0015619992903974935,aud_early,PHATE_TIME,sherlock
970,16,0.009772853185648918,aud_early,SMOOTH_PHATE,forrest
971,16,-0.007829889243227679,aud_early,SMOOTH_PHATE,sherlock
972,16,0.006771119019363263,aud_early,TPHATE,forrest
973,16,0.06040636335636407,aud_early,TPHATE,sherlock
974,16,-0.0001804515693169176,aud_early,TSNE,forrest
975,16,0.015500756205917407,aud_early,TSNE,sherlock
976,16,0.003924337218941481,aud_early,UMAP,forrest
977,16,0.011182291279286759,aud_early,UMAP,sherlock
978,16,0.0059194510397152416,aud_early,voxel,forrest
979,16,0.013469141852980902,aud_early,voxel,sherlock
980,16,0.004708145049230838,early_visual,ISOMAP,forrest
981,16,0.026440565713557386,early_visual,ISOMAP,sherlock
982,16,0.0033338278408989847,early_visual,LLE,forrest
983,16,0.025781361232095335,early_visual,LLE,sherlock
984,16,0.008869957028972466,early_visual,PCA,forrest
985,16,0.022233554934335566,early_visual,PCA,sherlock
986,16,0.002117965972515112,early_visual,PHATE,forrest
987,16,0.02144050303325597,early_visual,PHATE,sherlock
988,16,-0.012312559283311672,early_visual,PHATE_TIME,forrest
989,16,-0.0017713836248504148,early_visual,PHATE_TIME,sherlock
990,16,0.012058732257464573,early_visual,SMOOTH_PHATE,forrest
991,16,-0.017737071081364096,early_visual,SMOOTH_PHATE,sherlock
992,16,0.010679765090585661,early_visual,TPHATE,forrest
993,16,0.043625778206317786,early_visual,TPHATE,sherlock
994,16,0.0063100380247230825,early_visual,TSNE,forrest
995,16,0.021306795524321468,early_visual,TSNE,sherlock
996,16,0.013627738198754659,early_visual,UMAP,forrest
997,16,0.01733614880841004,early_visual,UMAP,sherlock
998,16,0.010520272350497305,early_visual,voxel,forrest
999,16,0.0271371945602201,early_visual,voxel,sherlock
1000,16,0.0034362408455934756,high_Visual,ISOMAP,forrest
1001,16,0.016201187808897108,high_Visual,ISOMAP,sherlock
1002,16,0.0016010342706123328,high_Visual,LLE,forrest
1003,16,0.01206941827387767,high_Visual,LLE,sherlock
1004,16,0.009946103781720134,high_Visual,PCA,forrest
1005,16,0.008031541113587918,high_Visual,PCA,sherlock
1006,16,0.008352854175709511,high_Visual,PHATE,forrest
1007,16,0.0006588925247167159,high_Visual,PHATE,sherlock
1008,16,-0.0023169767574221364,high_Visual,PHATE_TIME,forrest
1009,16,0.04999637786151759,high_Visual,PHATE_TIME,sherlock
1010,16,0.008465470306546598,high_Visual,SMOOTH_PHATE,forrest
1011,16,0.026907551089324907,high_Visual,SMOOTH_PHATE,sherlock
1012,16,0.007601853398530538,high_Visual,TPHATE,forrest
1013,16,0.006048149821645576,high_Visual,TPHATE,sherlock
1014,16,0.0011784793248609514,high_Visual,TSNE,forrest
1015,16,0.016261248979445104,high_Visual,TSNE,sherlock
1016,16,0.0020083122220862664,high_Visual,UMAP,forrest
1017,16,0.0015713867081282487,high_Visual,UMAP,sherlock
1018,16,0.0061021623323130325,high_Visual,voxel,forrest
1019,16,0.012001574851816384,high_Visual,voxel,sherlock
1020,16,0.0014163409502056475,pmc_nn,ISOMAP,forrest
1021,16,0.010995235866981931,pmc_nn,ISOMAP,sherlock
1022,16,-0.0009598077252334062,pmc_nn,LLE,forrest
1023,16,0.004794812012302631,pmc_nn,LLE,sherlock
1024,16,0.002704606863389361,pmc_nn,PCA,forrest
1025,16,0.006974146963352037,pmc_nn,PCA,sherlock
1026,16,-4.1297223531871535e-05,pmc_nn,PHATE,forrest
1027,16,0.005957365843831463,pmc_nn,PHATE,sherlock
1028,16,0.00393646634713026,pmc_nn,PHATE_TIME,forrest
1029,16,0.04050463214477446,pmc_nn,PHATE_TIME,sherlock
1030,16,0.006565933091530732,pmc_nn,SMOOTH_PHATE,forrest
1031,16,0.015477850907619424,pmc_nn,SMOOTH_PHATE,sherlock
1032,16,-0.000624048806469737,pmc_nn,TPHATE,forrest
1033,16,0.042396276503470776,pmc_nn,TPHATE,sherlock
1034,16,6.005303489408114e-05,pmc_nn,TSNE,forrest
1035,16,0.004379072549076269,pmc_nn,TSNE,sherlock
1036,16,0.0012436152420361576,pmc_nn,UMAP,forrest
1037,16,0.01448748058771627,pmc_nn,UMAP,sherlock
1038,16,0.0034980927695175005,pmc_nn,voxel,forrest
1039,16,0.015011392813505341,pmc_nn,voxel,sherlock
1040,17,0.005679396781342789,aud_early,ISOMAP,forrest
1041,17,-0.0003926217984382046,aud_early,LLE,forrest
1042,17,0.010190883138435722,aud_early,PCA,forrest
1043,17,0.0024472210628565974,aud_early,PHATE,forrest
1044,17,0.007494793840781232,aud_early,PHATE_TIME,forrest
1045,17,0.017410826984552992,aud_early,SMOOTH_PHATE,forrest
1046,17,0.019391100555255888,aud_early,TPHATE,forrest
1047,17,-0.0006651790749392351,aud_early,TSNE,forrest
1048,17,0.004054585272292872,aud_early,UMAP,forrest
1049,17,0.00595319936742111,aud_early,voxel,forrest
1050,17,0.005960670931106014,early_visual,ISOMAP,forrest
1051,17,0.0011463843485611314,early_visual,LLE,forrest
1052,17,0.006623845314137797,early_visual,PCA,forrest
1053,17,0.0032232522847094186,early_visual,PHATE,forrest
1054,17,0.0070527449236185875,early_visual,PHATE_TIME,forrest
1055,17,0.01514264483782656,early_visual,SMOOTH_PHATE,forrest
1056,17,0.01142591626966505,early_visual,TPHATE,forrest
1057,17,0.004370260753966725,early_visual,TSNE,forrest
1058,17,0.0032802211461077442,early_visual,UMAP,forrest
1059,17,0.00646801170754685,early_visual,voxel,forrest
1060,17,0.004274847603813436,high_Visual,ISOMAP,forrest
1061,17,0.0014630208433512716,high_Visual,LLE,forrest
1062,17,0.011071523261319854,high_Visual,PCA,forrest
1063,17,0.009478394580436734,high_Visual,PHATE,forrest
1064,17,0.008571453259181282,high_Visual,PHATE_TIME,forrest
1065,17,0.010010821669654899,high_Visual,SMOOTH_PHATE,forrest
1066,17,0.00884931188141259,high_Visual,TPHATE,forrest
1067,17,-0.00012781960538599805,high_Visual,TSNE,forrest
1068,17,0.0009432795929927984,high_Visual,UMAP,forrest
1069,17,0.005356053048110419,high_Visual,voxel,forrest
1070,17,0.000391553538621985,pmc_nn,ISOMAP,forrest
1071,17,-0.0005174429579730988,pmc_nn,LLE,forrest
1072,17,0.001506893504740843,pmc_nn,PCA,forrest
1073,17,0.0025760932695433536,pmc_nn,PHATE,forrest
1074,17,-0.0017915927569939647,pmc_nn,PHATE_TIME,forrest
1075,17,0.007817810451703568,pmc_nn,SMOOTH_PHATE,forrest
1076,17,0.0011387247332064908,pmc_nn,TPHATE,forrest
1077,17,0.00028663948611349006,pmc_nn,TSNE,forrest
1078,17,0.0014302628911383635,pmc_nn,UMAP,forrest
1079,17,0.0022276711630002453,pmc_nn,voxel,forrest
1080,18,0.0035149660953858602,aud_early,ISOMAP,forrest
1081,18,0.02184831665465697,aud_early,LLE,forrest
1082,18,0.0024503362461659735,aud_early,PCA,forrest
1083,18,-0.02151458803561526,aud_early,PHATE,forrest
1084,18,0.01548804609693218,aud_early,PHATE_TIME,forrest
1085,18,0.015571080424771159,aud_early,SMOOTH_PHATE,forrest
1086,18,0.033365324874692556,aud_early,TPHATE,forrest
1087,18,0.02474959719214178,aud_early,TSNE,forrest
1088,18,0.01419350736654352,aud_early,UMAP,forrest
1089,18,0.005680722356193126,aud_early,voxel,forrest
1090,18,0.004105726446540071,early_visual,ISOMAP,forrest
1091,18,0.008186838125176805,early_visual,LLE,forrest
1092,18,0.0008498018508218963,early_visual,PCA,forrest
1093,18,0.0016771209766083262,early_visual,PHATE,forrest
1094,18,0.022105809910216268,early_visual,PHATE_TIME,forrest
1095,18,0.01570765125362076,early_visual,SMOOTH_PHATE,forrest
1096,18,0.020649611333010135,early_visual,TPHATE,forrest
1097,18,0.00626635201743836,early_visual,TSNE,forrest
1098,18,0.011210784164668367,early_visual,UMAP,forrest
1099,18,0.007513680755681478,early_visual,voxel,forrest
1100,18,0.006773061928645205,high_Visual,ISOMAP,forrest
1101,18,0.007710887918127695,high_Visual,LLE,forrest
1102,18,0.006004523054699417,high_Visual,PCA,forrest
1103,18,0.007489392870962255,high_Visual,PHATE,forrest
1104,18,0.014899793003307522,high_Visual,PHATE_TIME,forrest
1105,18,0.09628903814269492,high_Visual,SMOOTH_PHATE,forrest
1106,18,0.08640419166997583,high_Visual,TPHATE,forrest
1107,18,0.038897768766497046,high_Visual,TSNE,forrest
1108,18,0.007298192539893412,high_Visual,UMAP,forrest
1109,18,0.005139992658467625,high_Visual,voxel,forrest
1110,18,0.0025404040772416645,pmc_nn,ISOMAP,forrest
1111,18,0.001396219872273805,pmc_nn,LLE,forrest
1112,18,-0.00024868637099048765,pmc_nn,PCA,forrest
1113,18,0.0011754842669784093,pmc_nn,PHATE,forrest
1114,18,0.004511239425744835,pmc_nn,PHATE_TIME,forrest
1115,18,0.0005422815394948705,pmc_nn,SMOOTH_PHATE,forrest
1116,18,0.01440129457976825,pmc_nn,TPHATE,forrest
1117,18,-0.000895125930818232,pmc_nn,TSNE,forrest
1118,18,0.00017464118206209138,pmc_nn,UMAP,forrest
1119,18,0.0015931752780044852,pmc_nn,voxel,forrest
1120,19,0.005258398114735803,aud_early,ISOMAP,forrest
1121,19,0.0008441690720163773,aud_early,LLE,forrest
1122,19,0.012623851061772051,aud_early,PCA,forrest
1123,19,0.00019894306447583177,aud_early,PHATE,forrest
1124,19,-0.010974746308129356,aud_early,PHATE_TIME,forrest
1125,19,0.018561092618998187,aud_early,SMOOTH_PHATE,forrest
1126,19,0.018033348937116465,aud_early,TPHATE,forrest
1127,19,0.005753035026397347,aud_early,TSNE,forrest
1128,19,0.0016333099547392138,aud_early,UMAP,forrest
1129,19,0.005973029660125715,aud_early,voxel,forrest
1130,19,0.008530946581530391,early_visual,ISOMAP,forrest
1131,19,0.0038725499283375625,early_visual,LLE,forrest
1132,19,0.011140315437014624,early_visual,PCA,forrest
1133,19,0.0066623496056312835,early_visual,PHATE,forrest
1134,19,-0.00019142329636673256,early_visual,PHATE_TIME,forrest
1135,19,0.014207537754946882,early_visual,SMOOTH_PHATE,forrest
1136,19,0.012092794214472336,early_visual,TPHATE,forrest
1137,19,0.002055487646483902,early_visual,TSNE,forrest
1138,19,0.015392642808744528,early_visual,UMAP,forrest
1139,19,0.009831483150385326,early_visual,voxel,forrest
1140,19,0.004349874599154426,high_Visual,ISOMAP,forrest
1141,19,0.0018755486697432698,high_Visual,LLE,forrest
1142,19,0.010252174890982148,high_Visual,PCA,forrest
1143,19,0.010504435646638006,high_Visual,PHATE,forrest
1144,19,-0.0006430259940263976,high_Visual,PHATE_TIME,forrest
1145,19,0.010881290492635134,high_Visual,SMOOTH_PHATE,forrest
1146,19,0.009143320834235847,high_Visual,TPHATE,forrest
1147,19,0.0007601901105691138,high_Visual,TSNE,forrest
1148,19,0.0009222593008821571,high_Visual,UMAP,forrest
1149,19,0.005085109472624327,high_Visual,voxel,forrest
1150,19,0.001409552328735309,pmc_nn,ISOMAP,forrest
1151,19,0.0008237311789691599,pmc_nn,LLE,forrest
1152,19,0.0007195393624169507,pmc_nn,PCA,forrest
1153,19,0.0010987974033281219,pmc_nn,PHATE,forrest
1154,19,0.0013595522851232178,pmc_nn,PHATE_TIME,forrest
1155,19,0.0018105139268718017,pmc_nn,SMOOTH_PHATE,forrest
1156,19,4.4967979293494913e-05,pmc_nn,TPHATE,forrest
1157,19,-0.0002116478681453026,pmc_nn,TSNE,forrest
1158,19,-0.00124512551803947,pmc_nn,UMAP,forrest
1159,19,0.002823949306236017,pmc_nn,voxel,forrest
1160,20,0.004722766246784661,aud_early,ISOMAP,forrest
1161,20,0.0008780162374961949,aud_early,LLE,forrest
1162,20,0.005473366264863253,aud_early,PCA,forrest
1163,20,0.0031177594213110888,aud_early,PHATE,forrest
1164,20,0.015780703216310237,aud_early,PHATE_TIME,forrest
1165,20,0.011562039831298545,aud_early,SMOOTH_PHATE,forrest
1166,20,0.011543624691950109,aud_early,TPHATE,forrest
1167,20,0.0007930267624696991,aud_early,TSNE,forrest
1168,20,0.0005686868731126471,aud_early,UMAP,forrest
1169,20,0.0062539839065341865,aud_early,voxel,forrest
1170,20,0.008823421338331191,early_visual,ISOMAP,forrest
1171,20,0.00033931995097769436,early_visual,LLE,forrest
1172,20,0.009015442942952773,early_visual,PCA,forrest
1173,20,0.005633291470776934,early_visual,PHATE,forrest
1174,20,0.011022814764157571,early_visual,PHATE_TIME,forrest
1175,20,0.014952444402270747,early_visual,SMOOTH_PHATE,forrest
1176,20,0.012416589480171115,early_visual,TPHATE,forrest
1177,20,0.004035414199478702,early_visual,TSNE,forrest
1178,20,0.00594027959967761,early_visual,UMAP,forrest
1179,20,0.007178799357821463,early_visual,voxel,forrest
1180,20,0.006504492561825387,high_Visual,ISOMAP,forrest
1181,20,0.004300327577592059,high_Visual,LLE,forrest
1182,20,0.009009608028193807,high_Visual,PCA,forrest
1183,20,0.013274492997895439,high_Visual,PHATE,forrest
1184,20,0.021284828766765424,high_Visual,PHATE_TIME,forrest
1185,20,0.013290447073248723,high_Visual,SMOOTH_PHATE,forrest
1186,20,0.008561000749457285,high_Visual,TPHATE,forrest
1187,20,-0.00014320378476442432,high_Visual,TSNE,forrest
1188,20,0.002374570654700435,high_Visual,UMAP,forrest
1189,20,0.0072654734941120696,high_Visual,voxel,forrest
1190,20,0.0025212356650951137,pmc_nn,ISOMAP,forrest
1191,20,0.0012230647196062579,pmc_nn,LLE,forrest
1192,20,0.0008712323907263405,pmc_nn,PCA,forrest
1193,20,0.00124791525475872,pmc_nn,PHATE,forrest
1194,20,-0.009420290425836201,pmc_nn,PHATE_TIME,forrest
1195,20,0.0017879853096938356,pmc_nn,SMOOTH_PHATE,forrest
1196,20,-0.0021200419194748995,pmc_nn,TPHATE,forrest
1197,20,0.001363436266188235,pmc_nn,TSNE,forrest
1198,20,-0.000133729617781899,pmc_nn,UMAP,forrest
1199,20,0.0019397763594192557,pmc_nn,voxel,forrest
